DROP TABLE CUSTOMER;
CREATE TABLE CUSTOMER (ID LONG PRIMARY KEY, NAME VARCHAR, TIER INT);
INSERT INTO CUSTOMER (ID,NAME,TIER) VALUES (101,'RANDHIR',1);

DROP TABLE PRODUCT;
CREATE TABLE PRODUCT (ID LONG PRIMARY KEY, NAME VARCHAR, CATEGORY VARCHAR, PRICE DOUBLE);
INSERT INTO PRODUCT (ID, NAME, CATEGORY, PRICE) VALUES (201, 'SAMSUNG GALAXY M33', 'PHONE', 13000);
INSERT INTO PRODUCT (ID, NAME, CATEGORY, PRICE) VALUES (202, 'Java : The Complete Reference', 'Book', 750);
INSERT INTO PRODUCT (ID, NAME, CATEGORY, PRICE) VALUES (203, 'Java 8 in Action', 'Book', 1200);
INSERT INTO PRODUCT (ID, NAME, CATEGORY, PRICE) VALUES (204, 'Iphone 14 Mini', 'Phone', 60000);

DROP TABLE ORDER_TABLE;  /* Order word is reserved */
CREATE TABLE ORDER_TABLE (ID LONG PRIMARY KEY,CUSTOMER_ID LONG, STATUS VARCHAR, ORDER_DATE TIMESTAMP, DELIVERY_DATE TIMESTAMP);
INSERT INTO ORDER_TABLE(ID, CUSTOMER_ID, STATUS, ORDER_DATE, DELIVERY_DATE) VALUES (301,101, 'OPEN', {ts '2023-07-01 18:47:52.69'},null);
INSERT INTO ORDER_TABLE(ID, CUSTOMER_ID, STATUS, ORDER_DATE, DELIVERY_DATE) VALUES (302,101, 'Fulfilled', {ts '2022-06-30 11:25:52.69'},null);
INSERT INTO ORDER_TABLE(ID, CUSTOMER_ID, STATUS, ORDER_DATE, DELIVERY_DATE) VALUES (303,101, 'Delivered', {ts '2023-07-01 18:47:52.69'},{ts '2023-07-04 12:30:52.69'});
INSERT INTO ORDER_TABLE(ID, CUSTOMER_ID, STATUS, ORDER_DATE, DELIVERY_DATE) VALUES (304,101, 'Returned', {ts '2023-07-01 18:47:52.69'},null);

DROP TABLE ORDER_ITEMS;
CREATE TABLE ORDER_ITEMS (ID LONG PRIMARY KEY, ORDER_TABLE_ID LONG, PRODUCT_ID LONG, SELLING_PRICE DOUBLE);
INSERT INTO ORDER_ITEMS (ID, ORDER_TABLE_ID, PRODUCT_ID, SELLING_PRICE) VALUES (401,301,201,12500);
INSERT INTO ORDER_ITEMS (ID, ORDER_TABLE_ID, PRODUCT_ID, SELLING_PRICE) VALUES (403,301,204,12500);
INSERT INTO ORDER_ITEMS (ID, ORDER_TABLE_ID, PRODUCT_ID, SELLING_PRICE) VALUES (402,301,202,12500);
INSERT INTO ORDER_ITEMS (ID, ORDER_TABLE_ID, PRODUCT_ID, SELLING_PRICE) VALUES (404,302,201,12500);
INSERT INTO ORDER_ITEMS (ID, ORDER_TABLE_ID, PRODUCT_ID, SELLING_PRICE) VALUES (405,302,204,12500);
INSERT INTO ORDER_ITEMS (ID, ORDER_TABLE_ID, PRODUCT_ID, SELLING_PRICE) VALUES (406,303,201,12500);
INSERT INTO ORDER_ITEMS (ID, ORDER_TABLE_ID, PRODUCT_ID, SELLING_PRICE) VALUES (407,303,202,12500);
INSERT INTO ORDER_ITEMS (ID, ORDER_TABLE_ID, PRODUCT_ID, SELLING_PRICE) VALUES (408,303,203,12500);
INSERT INTO ORDER_ITEMS (ID, ORDER_TABLE_ID, PRODUCT_ID, SELLING_PRICE) VALUES (409,303,204,12500);
INSERT INTO ORDER_ITEMS (ID, ORDER_TABLE_ID, PRODUCT_ID, SELLING_PRICE) VALUES (410,304,202,12500);
INSERT INTO ORDER_ITEMS (ID, ORDER_TABLE_ID, PRODUCT_ID, SELLING_PRICE) VALUES (411,304,203,12500);
